{
    "img_1.jpg": [
        [
            15.0,
            58.400000000000006,
            186.0,
            223.2
        ]
    ],
    "img_10.jpg": [
        [
            76.0,
            67.0,
            89.0,
            108.0
        ]
    ],
    "img_100.jpg": [
        [
            132.0,
            117.5,
            155.0,
            186.0
        ],
        [
            0.0,
            97.10000000000001,
            110.0,
            154.79999999999998
        ]
    ],
    "img_101.jpg": [
        [
            27.0,
            0.0,
            321.0,
            385.2
        ]
    ],
    "img_102.jpg": [],
    "img_103.jpg": [
        [
            154.0,
            72.5,
            75.0,
            90.0
        ]
    ],
    "img_11.jpg": [
        [
            30.0,
            64.6,
            74.0,
            88.8
        ],
        [
            245.0,
            64.6,
            75.0,
            88.8
        ]
    ],
    "img_12.jpg": [
        [
            56.0,
            79.4,
            186.0,
            223.2
        ],
        [
            8.0,
            152.2,
            107.0,
            129.6
        ]
    ],
    "img_13.jpg": [
        [
            139.0,
            57.3,
            108.0,
            128.4
        ]
    ],
    "img_14.jpg": [
        [
            135.0,
            37.0,
            90.0,
            108.0
        ]
    ],
    "img_15.jpg": [
        [
            253.0,
            65.5,
            155.0,
            186.0
        ],
        [
            95.0,
            182.9,
            52.0,
            61.199999999999996
        ]
    ],
    "img_16.jpg": [
        [
            163.0,
            33.2,
            107.0,
            129.6
        ]
    ],
    "img_17.jpg": [
        [
            115.0,
            81.3,
            108.0,
            128.4
        ]
    ],
    "img_18.jpg": [
        [
            262.0,
            55.5,
            75.0,
            90.0
        ]
    ],
    "img_19.jpg": [
        [
            253.0,
            82.5,
            155.0,
            186.0
        ],
        [
            24.0,
            69.10000000000001,
            129.0,
            154.79999999999998
        ]
    ],
    "img_2.jpg": [
        [
            139.0,
            236.2,
            108.0,
            129.6
        ]
    ],
    "img_20.jpg": [
        [
            187.0,
            45.3,
            107.0,
            128.4
        ],
        [
            56.0,
            197.1,
            89.0,
            106.8
        ]
    ],
    "img_21.jpg": [
        [
            139.0,
            93.3,
            108.0,
            128.4
        ]
    ],
    "img_22.jpg": [
        [
            237.0,
            22.5,
            75.0,
            90.0
        ]
    ],
    "img_23.jpg": [
        [
            114.0,
            18.800000000000004,
            62.0,
            74.39999999999999
        ],
        [
            296.0,
            78.8,
            52.0,
            62.4
        ]
    ],
    "img_24.jpg": [
        [
            64.0,
            82.5,
            154.0,
            186.0
        ]
    ],
    "img_25.jpg": [
        [
            113.0,
            72.5,
            74.0,
            90.0
        ],
        [
            262.0,
            30.5,
            75.0,
            90.0
        ]
    ],
    "img_26.jpg": [
        [
            201.0,
            82.5,
            155.0,
            186.0
        ]
    ],
    "img_27.jpg": [
        [
            81.0,
            100.60000000000001,
            155.0,
            184.79999999999998
        ],
        [
            204.0,
            122.80000000000001,
            62.0,
            74.39999999999999
        ]
    ],
    "img_28.jpg": [
        [
            253.0,
            82.5,
            155.0,
            186.0
        ],
        [
            12.0,
            82.5,
            155.0,
            186.0
        ]
    ],
    "img_29.jpg": [
        [
            121.0,
            47.5,
            75.0,
            90.0
        ]
    ],
    "img_3.jpg": [
        [
            81.0,
            117.5,
            155.0,
            186.0
        ]
    ],
    "img_30.jpg": [
        [
            165.0,
            27.0,
            90.0,
            108.0
        ],
        [
            245.0,
            22.5,
            75.0,
            90.0
        ]
    ],
    "img_31.jpg": [],
    "img_32.jpg": [
        [
            98.0,
            100.60000000000001,
            155.0,
            184.79999999999998
        ]
    ],
    "img_33.jpg": [
        [
            86.0,
            97.0,
            89.0,
            108.0
        ]
    ],
    "img_34.jpg": [
        [
            45.0,
            46.800000000000004,
            62.0,
            74.39999999999999
        ],
        [
            252.0,
            39.800000000000004,
            63.0,
            74.39999999999999
        ],
        [
            121.0,
            58.400000000000006,
            36.0,
            43.199999999999996
        ],
        [
            189.0,
            55.7,
            43.0,
            51.6
        ],
        [
            371.0,
            41.7,
            44.0,
            51.6
        ],
        [
            413.0,
            38.400000000000006,
            36.0,
            43.199999999999996
        ]
    ],
    "img_35.jpg": [
        [
            116.0,
            47.0,
            89.0,
            108.0
        ],
        [
            86.0,
            207.1,
            89.0,
            106.8
        ]
    ],
    "img_36.jpg": [
        [
            63.0,
            39.6,
            74.0,
            88.8
        ]
    ],
    "img_37.jpg": [
        [
            0.0,
            25.200000000000017,
            260.0,
            321.59999999999997
        ]
    ],
    "img_38.jpg": [
        [
            185.0,
            37.0,
            90.0,
            108.0
        ]
    ],
    "img_39.jpg": [
        [
            18.0,
            70.70000000000002,
            223.0,
            267.59999999999997
        ]
    ],
    "img_4.jpg": [
        [
            115.0,
            69.3,
            108.0,
            128.4
        ]
    ],
    "img_40.jpg": [
        [
            199.0,
            33.2,
            107.0,
            129.6
        ]
    ],
    "img_41.jpg": [
        [
            167.0,
            69.10000000000001,
            129.0,
            154.79999999999998
        ]
    ],
    "img_42.jpg": [
        [
            151.0,
            45.3,
            108.0,
            128.4
        ]
    ],
    "img_43.jpg": [
        [
            86.0,
            67.0,
            89.0,
            108.0
        ]
    ],
    "img_44.jpg": [
        [
            218.0,
            32.800000000000004,
            62.0,
            74.39999999999999
        ]
    ],
    "img_45.jpg": [
        [
            56.0,
            99.4,
            186.0,
            223.2
        ]
    ],
    "img_46.jpg": [
        [
            155.0,
            77.0,
            90.0,
            108.0
        ]
    ],
    "img_47.jpg": [
        [
            175.0,
            37.0,
            90.0,
            108.0
        ],
        [
            55.0,
            88.5,
            74.0,
            90.0
        ],
        [
            335.0,
            97.0,
            89.0,
            108.0
        ]
    ],
    "img_48.jpg": [
        [
            187.0,
            163.5,
            75.0,
            90.0
        ],
        [
            270.0,
            171.5,
            75.0,
            90.0
        ],
        [
            104.0,
            64.6,
            75.0,
            88.8
        ],
        [
            237.0,
            72.5,
            75.0,
            90.0
        ]
    ],