{
    "img_104.jpg": [
        [
            81.0,
            82.5,
            155.0,
            186.0
        ]
    ],
    "img_105.jpg": [
        [
            29.0,
            134.5,
            155.0,
            186.0
        ]
    ],
    "img_106.jpg": [
        [
            97.0,
            99.4,
            186.0,
            223.2
        ]
    ],
    "img_107.jpg": [
        [
            55.0,
            33.2,
            108.0,
            129.6
        ],
        [
            229.0,
            88.5,
            74.0,
            90.0
        ],
        [
            337.0,
            97.6,
            74.0,
            88.8
        ],
        [
            158.0,
            78.8,
            52.0,
            62.4
        ]
    ],
    "img_108.jpg": [
        [
            67.0,
            83.10000000000001,
            129.0,
            154.79999999999998
        ]
    ],
    "img_109.jpg": [
        [
            268.0,
            126.10000000000001,
            129.0,
            154.79999999999998
        ]
    ],
    "img_110.jpg": [
        [
            103.0,
            105.3,
            108.0,
            128.4
        ]
    ],
    "img_111.jpg": [
        [
            66.0,
            57.0,
            89.0,
            108.0
        ]
    ],
    "img_112.jpg": [
        [
            97.0,
            99.4,
            186.0,
            223.2
        ]
    ],
    "img_113.jpg": [
        [
            36.0,
            137.0,
            90.0,
            108.0
        ],
        [
            294.0,
            45.3,
            108.0,
            128.4
        ],
        [
            163.0,
            117.3,
            107.0,
            128.4
        ]
    ],
    "img_114.jpg": [
        [
            0.0,
            11.100000000000009,
            124.0,
            154.79999999999998
        ],
        [
            139.0,
            117.3,
            108.0,
            128.4
        ]
    ],
    "img_115.jpg": [
        [
            270.0,
            93.3,
            108.0,
            128.4
        ],
        [
            53.0,
            26.10000000000001,
            129.0,
            154.79999999999998
        ]
    ],
    "img_116.jpg": [
        [
            79.0,
            47.5,
            75.0,
            90.0
        ]
    ],
    "img_117.jpg": [
        [
            270.0,
            47.5,
            75.0,
            90.0
        ],
        [
            107.0,
            66.80000000000001,
            63.0,
            74.39999999999999
        ],
        [
            395.0,
            79.7,
            44.0,
            51.6
        ],
        [
            158.0,
            112.8,
            52.0,
            62.4
        ],
        [
            357.0,
            103.7,
            43.0,
            51.6
        ]
    ],
    "img_118.jpg": [
        [
            163.0,
            57.3,
            107.0,
            128.4
        ]
    ],
    "img_119.jpg": [
        [
            87.0,
            87.80000000000001,
            62.0,
            74.39999999999999
        ]
    ],
    "img_120.jpg": [
        [
            171.0,
            80.5,
            74.0,
            90.0
        ]
    ],
    "img_121.jpg": [
        [
            52.0,
            0.0,
            267.0,
            305.0
        ]
    ],
    "img_122.jpg": [
        [
            273.0,
            59.7,
            62.0,
            75.6
        ]
    ],
    "img_123.jpg": [
        [
            210.0,
            69.10000000000001,
            129.0,
            154.79999999999998
        ],
        [
            24.0,
            212.10000000000002,
            129.0,
            154.79999999999998
        ]
    ],
    "img_124.jpg": [
        [
            182.0,
            40.10000000000001,
            129.0,
            154.79999999999998
        ],
        [
            29.0,
            100.60000000000001,
            155.0,
            184.79999999999998
        ]
    ],
    "img_125.jpg": [
        [
            43.0,
            119.70000000000002,
            223.0,
            267.59999999999997
        ]
    ],
    "img_126.jpg": [
        [
            127.0,
            141.3,
            108.0,
            128.4
        ]
    ],
    "img_127.jpg": [
        [
            97.0,
            99.4,
            186.0,
            223.2
        ]
    ],
    "img_128.jpg": [
        [
            199.0,
            105.3,
            107.0,
            128.4
        ],
        [
            67.0,
            54.10000000000001,
            129.0,
            154.79999999999998
        ]
    ],
    "img_129.jpg": [
        [
            153.0,
            198.10000000000002,
            129.0,
            154.79999999999998
        ],
        [
            26.0,
            236.0,
            90.0,
            108.0
        ]
    ],
    "img_130.jpg": [
        [
            43.0,
            95.70000000000002,
            223.0,
            267.59999999999997
        ]
    ],
    "img_131.jpg": [
        [
            121.0,
            46.800000000000004,
            62.0,
            74.39999999999999
        ]
    ],
    "img_132.jpg": [
        [
            253.0,
            83.10000000000001,
            129.0,
            154.79999999999998
        ],
        [
            92.0,
            45.70000000000002,
            223.0,
            267.59999999999997
        ]
    ],
    "img_133.jpg": [
        [
            63.0,
            64.6,
            74.0,
            88.8
        ]
    ],
    "img_134.jpg": [
        [
            96.0,
            47.0,
            89.0,
            108.0
        ]
    ],
    "img_135.jpg": [
        [
            88.0,
            47.5,
            74.0,
            90.0
        ],
        [
            26.0,
            118.8,
            52.0,
            62.4
        ]
    ],
    "img_136.jpg": [
        [
            218.0,
            122.7,
            43.0,
            51.6
        ],
        [
            71.0,
            22.5,
            75.0,
            90.0
        ]
    ],
    "img_137.jpg": [
        [
            197.0,
            87.80000000000001,
            62.0,
            74.39999999999999
        ]
    ],
    "img_139.jpg": [
        [
            180.0,
            38.5,
            186.0,
            222.0
        ]
    ],
    "img_140.jpg": [
        [
            77.0,
            58.400000000000006,
            185.0,
            223.2
        ]
    ],
    "img_141.jpg": [
        [
            218.0,
            100.60000000000001,
            155.0,
            184.79999999999998
        ]
    ],
    "img_142.jpg": [
        [
            255.0,
            77.0,
            89.0,
            108.0
        ]
    ],
    "img_143.jpg": [
        [
            88.0,
            80.5,
            74.0,
            90.0
        ],
        [
            278.0,
            22.5,
            75.0,
            90.0
        ]
    ],
    "img_144.jpg": [
        [
            115.0,
            31.5,
            155.0,
            186.0
        ]
    ],
    "img_145.jpg": [],
    "img_146.jpg": [
        [
            115.0,
            93.3,
            108.0,
            128.4
        ]
    ],
    "img_147.jpg": [
        [
            116.0,
            37.0,
            89.0,
            108.0
        ],
        [
            245.0,
            137.0,
            90.0,
            108.0
        ]
    ],
    "img_148.jpg": [
        [
            18.0,
            45.70000000000002,
            223.0,
            267.59999999999997
        ]
    ],
    "img_149.jpg": [
        [
            121.0,
            39.6,
            75.0,
            88.8
        ]
    ],
    "img_150.jpg": [
        [
            175.0,
            187.1,
            90.0,
            106.8
        ]
    ],