{
    "img_1.jpg": [
        [
            15.0,
            49.099999999999994,
            186.0,
            241.8
        ]
    ],
    "img_10.jpg": [
        [
            76.0,
            62.5,
            89.0,
            117.0
        ]
    ],
    "img_100.jpg": [
        [
            132.0,
            109.75,
            155.0,
            201.5
        ],
        [
            0.0,
            90.64999999999999,
            110.0,
            167.70000000000002
        ]
    ],
    "img_101.jpg": [
        [
            27.0,
            0.0,
            321.0,
            417.3
        ]
    ],
    "img_102.jpg": [],
    "img_103.jpg": [
        [
            154.0,
            68.75,
            75.0,
            97.5
        ]
    ],
    "img_11.jpg": [
        [
            30.0,
            60.9,
            74.0,
            96.2
        ],
        [
            245.0,
            60.9,
            75.0,
            96.2
        ]
    ],
    "img_12.jpg": [
        [
            56.0,
            70.1,
            186.0,
            241.8
        ],
        [
            8.0,
            146.8,
            107.0,
            140.4
        ]
    ],
    "img_13.jpg": [
        [
            139.0,
            51.95,
            108.0,
            139.1
        ]
    ],
    "img_14.jpg": [
        [
            135.0,
            32.5,
            90.0,
            117.0
        ]
    ],
    "img_15.jpg": [
        [
            253.0,
            57.75,
            155.0,
            201.5
        ],
        [
            95.0,
            180.35,
            52.0,
            66.3
        ]
    ],
    "img_16.jpg": [
        [
            163.0,
            27.799999999999997,
            107.0,
            140.4
        ]
    ],
    "img_17.jpg": [
        [
            115.0,
            75.95,
            108.0,
            139.1
        ]
    ],
    "img_18.jpg": [
        [
            262.0,
            51.75,
            75.0,
            97.5
        ]
    ],
    "img_19.jpg": [
        [
            253.0,
            74.75,
            155.0,
            201.5
        ],
        [
            24.0,
            62.64999999999999,
            129.0,
            167.70000000000002
        ]
    ],
    "img_2.jpg": [
        [
            139.0,
            230.8,
            108.0,
            140.4
        ]
    ],
    "img_20.jpg": [
        [
            187.0,
            39.95,
            107.0,
            139.1
        ],
        [
            56.0,
            192.65,
            89.0,
            115.7
        ]
    ],
    "img_21.jpg": [
        [
            139.0,
            87.95,
            108.0,
            139.1
        ]
    ],
    "img_22.jpg": [
        [
            237.0,
            18.75,
            75.0,
            97.5
        ]
    ],
    "img_23.jpg": [
        [
            114.0,
            15.699999999999996,
            62.0,
            80.60000000000001
        ],
        [
            296.0,
            76.19999999999999,
            52.0,
            67.60000000000001
        ]
    ],
    "img_24.jpg": [
        [
            64.0,
            74.75,
            154.0,
            201.5
        ]
    ],
    "img_25.jpg": [
        [
            113.0,
            68.75,
            74.0,
            97.5
        ],
        [
            262.0,
            26.75,
            75.0,
            97.5
        ]
    ],
    "img_26.jpg": [
        [
            201.0,
            74.75,
            155.0,
            201.5
        ]
    ],
    "img_27.jpg": [
        [
            81.0,
            92.89999999999999,
            155.0,
            200.20000000000002
        ],
        [
            204.0,
            119.69999999999999,
            62.0,
            80.60000000000001
        ]
    ],
    "img_28.jpg": [
        [
            253.0,
            74.75,
            155.0,
            201.5
        ],
        [
            12.0,
            74.75,
            155.0,
            201.5
        ]
    ],
    "img_29.jpg": [
        [
            121.0,
            43.75,
            75.0,
            97.5
        ]
    ],
    "img_3.jpg": [
        [
            81.0,
            109.75,
            155.0,
            201.5
        ]
    ],
    "img_30.jpg": [
        [
            165.0,
            22.5,
            90.0,
            117.0
        ],
        [
            245.0,
            18.75,
            75.0,
            97.5
        ]
    ],
    "img_31.jpg": [],
    "img_32.jpg": [
        [
            98.0,
            92.89999999999999,
            155.0,
            200.20000000000002
        ]
    ],
    "img_33.jpg": [
        [
            86.0,
            92.5,
            89.0,
            117.0
        ]
    ],
    "img_34.jpg": [
        [
            45.0,
            43.699999999999996,
            62.0,
            80.60000000000001
        ],
        [
            252.0,
            36.699999999999996,
            63.0,
            80.60000000000001
        ],
        [
            121.0,
            56.599999999999994,
            36.0,
            46.800000000000004
        ],
        [
            189.0,
            53.55,
            43.0,
            55.9
        ],
        [
            371.0,
            39.55,
            44.0,
            55.9
        ],
        [
            413.0,
            36.599999999999994,
            36.0,
            46.800000000000004
        ]
    ],
    "img_35.jpg": [
        [
            116.0,
            42.5,
            89.0,
            117.0
        ],
        [
            86.0,
            202.65,
            89.0,
            115.7
        ]
    ],
    "img_36.jpg": [
        [
            63.0,
            35.9,
            74.0,
            96.2
        ]
    ],
    "img_37.jpg": [
        [
            0.0,
            11.799999999999983,
            260.0,
            348.20000000000005
        ]
    ],
    "img_38.jpg": [
        [
            185.0,
            32.5,
            90.0,
            117.0
        ]
    ],
    "img_39.jpg": [
        [
            18.0,
            59.54999999999998,
            223.0,
            289.90000000000003
        ]
    ],
    "img_4.jpg": [
        [
            115.0,
            63.95,
            108.0,
            139.1
        ]
    ],
    "img_40.jpg": [
        [
            199.0,
            27.799999999999997,
            107.0,
            140.4
        ]
    ],
    "img_41.jpg": [
        [
            167.0,
            62.64999999999999,
            129.0,
            167.70000000000002
        ]
    ],
    "img_42.jpg": [
        [
            151.0,
            39.95,
            108.0,
            139.1
        ]
    ],
    "img_43.jpg": [
        [
            86.0,
            62.5,
            89.0,
            117.0
        ]
    ],
    "img_44.jpg": [
        [
            218.0,
            29.699999999999996,
            62.0,
            80.60000000000001
        ]
    ],
    "img_45.jpg": [
        [
            56.0,
            90.1,
            186.0,
            241.8
        ]
    ],
    "img_46.jpg": [
        [
            155.0,
            72.5,
            90.0,
            117.0
        ]
    ],
    "img_47.jpg": [
        [
            175.0,
            32.5,
            90.0,
            117.0
        ],
        [
            55.0,
            84.75,
            74.0,
            97.5
        ],
        [
            335.0,
            92.5,
            89.0,
            117.0
        ]
    ],
    "img_48.jpg": [
        [
            187.0,
            159.75,
            75.0,
            97.5
        ],
        [
            270.0,
            167.75,
            75.0,
            97.5
        ],
        [
            104.0,
            60.9,
            75.0,
            96.2
        ],
        [
            237.0,
            68.75,
            75.0,
            97.5
        ]
    ],